Workbook

Sheet Hotel Event Management Budget
C3: EventPro Hospitality Solutions | H3: Hotel Event Management Budget
C7: Manager: | E7: Sophia Anderson
C8: Event Name: | E8: Grand Gala Year: 2024
C10: SUMMARY
C11: Venue and Facilities | E11: =Q19 -> 105350
C12: Catering and Food Services | E12: =Q23 -> 129500
C13: Entertainment and Performers | E13: =Q27 -> 96500
C14: Logistics and Transportation | E14: =Q31 -> 59500
C15: Marketing and Promotion | E15: =Q35 -> 70100
C16: Miscellaneous Expenses | E16: =Q39 -> 23000
C18: Expense Category | E18: January | F18: February | G18: March | H18: April | I18: May | J18: June | K18: July | L18: August | M18: September | N18: October | O18: November | P18: December | Q18: TOTAL AMOUNT
C19: Venue and Facilities | E19: =SUM(E20:E22) -> 8000 | F19: =SUM(F20:F22) -> 8550 | G19: =SUM(G20:G22) -> 9100 | H19: =SUM(H20:H22) -> 9650 | I19: =SUM(I20:I22) -> 10200 | J19: =SUM(J20:J22) -> 8250 | K19: =SUM(K20:K22) -> 8300 | L19: =SUM(L20:L22) -> 8350 | ... Q19: =SUM(Q20:Q22) -> 105350
D20: Event Space Rental | E20: 5000 | F20: 5050 | G20: 5100 | H20: 5150 | I20: 5200 | J20: 5250 | K20: 5300 | L20: 5350 | M20: 5400 | N20: 2000 | O20: 5500 | P20: 5550 | Q20: =SUM(E20:P20) -> 59850
D21: Decorations | E21: 3000 | F21: 3500 | G21: 4000 | H21: 4500 | I21: 5000 | J21: 3000 | K21: 3000 | L21: 3000 | M21: 4000 | N21: 4500 | O21: 5000 | P21: 3000 | Q21: =SUM(E21:P21) -> 45500
Q22: =SUM(E22:P22) -> 0
C23: Catering and Food Services | E23: =SUM(E24:E26) -> 4000 | F23: =SUM(F24:F26) -> 10500 | G23: =SUM(G24:G26) -> 11000 | H23: =SUM(H24:H26) -> 11500 | I23: =SUM(I24:I26) -> 4000 | J23: =SUM(J24:J26) -> 12500 | K23: =SUM(K24:K26) -> 13000 | L23: =SUM(L24:L26) -> 13500 | ... Q23: =SUM(Q24:Q26) -> 129500
D24: Catering Services | E24: 2000 | F24: 8500 | G24: 9000 | H24: 9500 | I24: 2000 | J24: 10500 | K24: 11000 | L24: 11500 | M24: 12000 | N24: 12500 | O24: 13000 | P24: 3000 | Q24: =SUM(E24:P24) -> 104500
D25: Beverages | E25: 2000 | F25: 2000 | G25: 2000 | H25: 2000 | I25: 2000 | J25: 2000 | K25: 2000 | L25: 2000 | M25: 2000 | N25: 2000 | O25: 2000 | P25: 3000 | Q25: =SUM(E25:P25) -> 25000
Q26: =SUM(E26:P26) -> 0
C27: Entertainment and Performers | E27: =SUM(E28:E30) -> 5000 | F27: =SUM(F28:F30) -> 7000 | G27: =SUM(G28:G30) -> 6500 | H27: =SUM(H28:H30) -> 6000 | I27: =SUM(I28:I30) -> 5500 | J27: =SUM(J28:J30) -> 5000 | K27: =SUM(K28:K30) -> 6500 | L27: =SUM(L28:L30) -> 8000 | ... Q27: =SUM(Q28:Q30) -> 96500
D28: Live Entertainment | E28: 2000 | F28: 4000 | G28: 3500 | H28: 3000 | I28: 2500 | J28: 2000 | K28: 3500 | L28: 5000 | M28: 6500 | N28: 8000 | O28: 9500 | P28: 11000 | Q28: =SUM(E28:P28) -> 60500
D29: Guest Speakers | E29: 3000 | F29: 3000 | G29: 3000 | H29: 3000 | I29: 3000 | J29: 3000 | K29: 3000 | L29: 3000 | M29: 3000 | N29: 3000 | O29: 3000 | P29: 3000 | Q29: =SUM(E29:P29) -> 36000
Q30: =SUM(E30:P30) -> 0
C31: Logistics and Transportation | E31: =SUM(E32:E34) -> 3500 | F31: =SUM(F32:F34) -> 3500 | G31: =SUM(G32:G34) -> 3500 | H31: =SUM(H32:H34) -> 3500 | I31: =SUM(I32:I34) -> 3500 | J31: =SUM(J32:J34) -> 3500 | K31: =SUM(K32:K34) -> 3500 | L31: =SUM(L32:L34) -> 3500 | ... Q31: =SUM(Q32:Q34) -> 59500
D32: Event Transportation | E32: 2000 | F32: 2000 | G32: 2000 | H32: 2000 | I32: 2000 | J32: 2000 | K32: 2000 | L32: 2000 | M32: 2000 | N32: 2000 | O32: 2000 | P32: 3000 | Q32: =SUM(E32:P32) -> 25000
D33: Equipment Rental | E33: 1500 | F33: 1500 | G33: 1500 | H33: 1500 | I33: 1500 | J33: 1500 | K33: 1500 | L33: 1500 | M33: 1500 | N33: 1500 | O33: 1500 | P33: 18000 | Q33: =SUM(E33:P33) -> 34500
Q34: =SUM(E34:P34) -> 0
C35: Marketing and Promotion | E35: =SUM(E36:E38) -> 4500 | F35: =SUM(F36:F38) -> 5600 | G35: =SUM(G36:G38) -> 5700 | H35: =SUM(H36:H38) -> 5800 | I35: =SUM(I36:I38) -> 5900 | J35: =SUM(J36:J38) -> 6000 | K35: =SUM(K36:K38) -> 6100 | L35: =SUM(L36:L38) -> 6200 | ... Q35: =SUM(Q36:Q38) -> 70100
D36: Advertising Materials | E36: 2500 | F36: 2600 | G36: 2700 | H36: 2800 | I36: 2900 | J36: 3000 | K36: 3100 | L36: 3200 | M36: 3300 | N36: 3400 | O36: 2000 | P36: 3600 | Q36: =SUM(E36:P36) -> 35100
D37: Digital Marketing Campaigns | E37: 2000 | F37: 3000 | G37: 3000 | H37: 3000 | I37: 3000 | J37: 3000 | K37: 3000 | L37: 3000 | M37: 3000 | N37: 3000 | O37: 3000 | P37: 3000 | Q37: =SUM(E37:P37) -> 35000
Q38: =SUM(E38:P38) -> 0
C39: Miscellaneous Expenses | E39: =SUM(E40:E41) -> 1000 | F39: =SUM(F40:F41) -> 1000 | G39: =SUM(G40:G41) -> 1000 | H39: =SUM(H40:H41) -> 1000 | I39: =SUM(I40:I41) -> 1000 | J39: =SUM(J40:J41) -> 1000 | K39: =SUM(K40:K41) -> 1000 | L39: =SUM(L40:L41) -> 1000 | ... Q39: =SUM(Q40:Q41) -> 23000
D40: Event Insurance | E40: 1000 | F40: 1000 | G40: 1000 | H40: 1000 | I40: 1000 | J40: 1000 | K40: 1000 | L40: 1000 | M40: 1000 | N40: 1000 | O40: 1000 | P40: 12000 | Q40: =SUM(E40:P40) -> 23000
Q41: =SUM(E41:P41) -> 0
C43: Total Budget: | E43: =SUM(E19+E23+E27+E31+E35+E39) -> 26000 | F43: =SUM(F19+F23+F27+F31+F35+F39) -> 36150 | G43: =SUM(G19+G23+G27+G31+G35+G39) -> 36800 | H43: =SUM(H19+H23+H27+H31+H35+H39) -> 37450 | I43: =SUM(I19+I23+I27+I31+I35+I39) -> 30100 | J43: =SUM(J19+J23+J27+J31+J35+J39) -> 36250 | K43: =SUM(K19+K23+K27+K31+K35+K39) -> 38400 | L43: =SUM(L19+L23+L27+L31+L35+L39) -> 40550 | ... Q43: =SUM(Q19+Q23+Q27+Q31+Q35+Q39) -> 483950

Sheet !Helper
B2: MONTLY TOTAL BUDGET | E2: SUMMARY
B3: January | C3: ='Hotel Event Management Budget'!E43 -> 26000 | E3: ='Hotel Event Management Budget'!C11 -> Venue and Facilities | F3: ='Hotel Event Management Budget'!E11 -> 105350
B4: February | C4: ='Hotel Event Management Budget'!F43 -> 36150 | E4: ='Hotel Event Management Budget'!C12 -> Catering and Food Services | F4: ='Hotel Event Management Budget'!E12 -> 129500
B5: March | C5: ='Hotel Event Management Budget'!G43 -> 36800 | E5: ='Hotel Event Management Budget'!C13 -> Entertainment and Performers | F5: ='Hotel Event Management Budget'!E13 -> 96500
B6: April | C6: ='Hotel Event Management Budget'!H43 -> 37450 | E6: ='Hotel Event Management Budget'!C14 -> Logistics and Transportation | F6: ='Hotel Event Management Budget'!E14 -> 59500
B7: May | C7: ='Hotel Event Management Budget'!I43 -> 30100 | E7: ='Hotel Event Management Budget'!C15 -> Marketing and Promotion | F7: ='Hotel Event Management Budget'!E15 -> 70100
B8: June | C8: ='Hotel Event Management Budget'!J43 -> 36250 | E8: ='Hotel Event Management Budget'!C16 -> Miscellaneous Expenses | F8: ='Hotel Event Management Budget'!E16 -> 23000
B9: July | C9: ='Hotel Event Management Budget'!K43 -> 38400
B10: August | C10: ='Hotel Event Management Budget'!L43 -> 40550
B11: September | C11: ='Hotel Event Management Budget'!M43 -> 43700
B12: October | C12: ='Hotel Event Management Budget'!N43 -> 42900
B13: November | C13: ='Hotel Event Management Budget'!O43 -> 47500
B14: December | C14: ='Hotel Event Management Budget'!P43 -> 68150
