Workbook

Sheet Overview
C3: KITCHEN INVENTORY | Q3: LOW STOCK ALERTS ⚠️ | W3: TOP 5 SELLING SUPPIERS 💲
Q5: Item Name | S5: Current Stock | W5: Supplier | Z5: Total Ordered | AC5: Total Value
Q7: {=INDEX(HELPER!S2:S6,0)} -> Chicken Breast | S7: {=INDEX(HELPER!T2:T6,0)} | W7: {=INDEX(HELPER!O2:O7,0)} -> Butcher's Choice | Z7: {=INDEX(HELPER!P2:P7,0)} | AC7: {=INDEX(HELPER!Q2:Q7,0)}
D8: TODAY IS . . . | Q8: Chicken Breast | W8: Farm Fresh Co.
D9: =TODAY() -> 46089 | Q9: Shrimp | W9: Ocean Harvest
D10: 💡 Except for the Search Bar and the drop downs, the whole Overview tab is auto formulated. | Q10: 0 | W10: Mediterranean Co.
Q11: 0 | W11: Golden Grains
W12: 0 | Z12: 0 | AC12: 0
D14: INVENTORY OVERVIEW 📈
K15: SEARCH BAR 🔎 | N15: FROM: | O15: Jan | P15: TO: | Q15: Dec | R15: YEAR: | S15: 2024
D18: Total Inventory Value | F18: =SUM(Q19:Q119) -> 2324.5 | J18: Item ID | K18: Category | L18: Item Name | M18: Quantity | N18: Reorder Level | O18: Supplier | P18: Unit Price | Q18: Total Value | R18: Last Ordered | S18: Expected Delivery
J19: {=IFERROR( _xlfn._xlws.FILTER( 'Inventory List'!B7:K107, (IF(L15<>"", ISNUMBER(SEARCH(UPPER(L15), UPPER('Inventory List'!B7:B107 & 'Inventory List'!C7:C107 & 'Inventory List'!D7:D107))), TRUE)) * (IF( AND(O15<>"", Q15<>"", S15<>""), ('Inventory List'!K7:K107 >= DATE(S15, MONTH(DATEVALUE(O15 & " 1")), 1)) * ('Inventory List'!K7:K107 <= EOMONTH(DATE(S15, MONTH(DATEVALUE(Q15 & " 1")), 1), 0)), TRUE )) ), "No data found for selected date range or search term" )} -> ITM001 | K19: Vegetables | L19: Fresh Tomatoes | M19: 150 | N19: 50 | O19: Farm Fresh Co. | P19: 1.5 | Q19: 225 | R19: 45280 | S19: 45296
D20: Total Number of Items | F20: =COUNTA(J19:J119) -> 19 | J20: ITM002 | K20: Meat | L20: Chicken Breast | M20: 3 | N20: 20 | O20: Butcher's Choice | P20: 3 | Q20: 240 | R20: 45301 | S20: 45316
J21: ITM004 | K21: Condiments | L21: Soy Sauce | M21: 30 | N21: 15 | O21: Ocean Harvest | P21: 5.5 | Q21: 165 | R21: 45296 | S21: 45311
D22: Total Units in Stock | F22: =SUM(M19:M119) -> 970 | J22: ITM005 | K22: Vegetables | L22: Fresh Apples | M22: 100 | N22: 30 | O22: Golden Grains | P22: 1.2 | Q22: 120 | R22: 45288 | S22: 45303
J23: ITM006 | K23: Meat | L23: Shrimp | M23: 5 | N23: 10 | O23: Mediterranean Co. | P23: 8 | Q23: 160 | R23: 45306 | S23: 45321
D24: No. of Low on Stocks Items | F24: =COUNTIF(M19:M119, "<=10") -> 3 | J24: ITM007 | K24: Dairy | L24: Greek Yogurt | M24: 50 | N24: 15 | O24: Orchard Organics | P24: 2 | Q24: 100 | R24: 45278 | S24: 45293
J25: ITM008 | K25: Condiments | L25: Soy Sauce | M25: 60 | N25: 25 | O25: Baker's Supply | P25: 1.8 | Q25: 108 | R25: 45282 | S25: 45297
D26: Total Units Ordered | F26: =SUM(N19:N119) -> 355 | J26: ITM009 | K26: Vegetables | L26: Fresh Apples | M26: 120 | N26: 40 | O26: Local Farms | P26: 0.25 | Q26: 30 | R26: 45299 | S26: 45314
J27: ITM010 | K27: Meat | L27: Shrimp | M27: 40 | N27: 10 | O27: Can-O-Taste Inc. | P27: 2.5 | Q27: 100 | R27: 45285 | S27: 45300
J28: ITM011 | K28: Dairy | L28: Greek Yogurt | M28: 80 | N28: 20 | O28: RefreshCo | P28: 1 | Q28: 80 | R28: 45303 | S28: 45318
J29: ITM012 | K29: Condiments | L29: Tomato Sauce | M29: 30 | N29: 10 | O29: Artisan Bakes | P29: 2.2 | Q29: 66 | R29: 45290 | S29: 45305
D30: TOTAL VALUE PER CATEGORY | J30: ITM013 | K30: Vegetables | L30: Bananas | M30: 25 | N30: 10 | O30: Creamy Delights | P30: 3.5 | Q30: 87.5 | R30: 45294 | S30: 45309
J31: ITM014 | K31: Meat | L31: Shrimp | M31: 40 | N31: 15 | O31: Seafood Express | P31: 7 | Q31: 280 | R31: 45309 | S31: 45324
J32: ITM015 | K32: Dairy | L32: Greek Yogurt | M32: 15 | N32: 5 | O32: Grain Harvest | P32: 4 | Q32: 60 | R32: 45313 | S32: 45328
J33: ITM016 | K33: Condiments | L33: Soy Sauce | M33: 50 | N33: 15 | O33: Asian Flavors | P33: 2.3 | Q33: 115 | R33: 45319 | S33: 45334
D34: =HELPER!F2 -> Vegetables | F34: =HELPER!G2 -> 497.5 | J34: ITM017 | K34: Vegetables | L34: Bananas | M34: 70 | N34: 25 | O34: Tropical Farms | P34: 0.5 | Q34: 35 | R34: 45323 | S34: 45338
J35: ITM018 | K35: Meat | L35: Chicken Breast | M35: 7 | N35: 10 | O35: Sweet Delights | P35: 3.5 | Q35: 87.5 | R35: 45327 | S35: 45342
D36: =HELPER!F3 -> Meat | F36: =HELPER!G3 -> 867.5 | J36: ITM019 | K36: Dairy | L36: Greek Yogurt | M36: 35 | N36: 10 | O36: Poultry Haven | P36: 4.5 | Q36: 157.5 | R36: 45332 | S36: 45346
J37: ITM020 | K37: Condiments | L37: Soy Sauce | M37: 60 | N37: 20 | O37: Can-O-Taste Inc. | P37: 1.8 | Q37: 108 | R37: 45337 | S37: 45350
D38: =HELPER!F4 -> Condiments | F38: =HELPER!G4 -> 562
D40: =HELPER!F5 -> Dairy | F40: =HELPER!G5 -> 397.5
W43: NOTES
V45: 1. 2. 3.

Sheet Inventory List
B2: INVENTORY LIST
B6: Item ID | C6: Category | D6: Item Name | E6: Quantity | F6: Reorder Level | G6: Supplier | H6: Unit Price | I6: Total Value | J6: Last Ordered | K6: Expected Delivery
B7: ITM001 | C7: Vegetables | D7: Fresh Tomatoes | E7: 150 | F7: 50 | G7: Farm Fresh Co. | H7: 1.5 | I7: 225 | J7: 45280 | K7: 45296
B8: ITM002 | C8: Meat | D8: Chicken Breast | E8: 3 | F8: 20 | G8: Butcher's Choice | H8: 3 | I8: 240 | J8: 45301 | K8: 45316
B9: ITM003 | C9: Dairy | D9: Fresh Milk | E9: 40 | F9: 10 | G9: Dairy Delights | H9: 2.5 | I9: 100 | J9: 45275 | K9: 45290
B10: ITM004 | C10: Condiments | D10: Soy Sauce | E10: 30 | F10: 15 | G10: Ocean Harvest | H10: 5.5 | I10: 165 | J10: 45296 | K10: 45311
B11: ITM005 | C11: Vegetables | D11: Fresh Apples | E11: 100 | F11: 30 | G11: Golden Grains | H11: 1.2 | I11: 120 | J11: 45288 | K11: 45303
B12: ITM006 | C12: Meat | D12: Shrimp | E12: 5 | F12: 10 | G12: Mediterranean Co. | H12: 8 | I12: 160 | J12: 45306 | K12: 45321
B13: ITM007 | C13: Dairy | D13: Greek Yogurt | E13: 50 | F13: 15 | G13: Orchard Organics | H13: 2 | I13: 100 | J13: 45278 | K13: 45293
B14: ITM008 | C14: Condiments | D14: Soy Sauce | E14: 60 | F14: 25 | G14: Baker's Supply | H14: 1.8 | I14: 108 | J14: 45282 | K14: 45297
B15: ITM009 | C15: Vegetables | D15: Fresh Apples | E15: 120 | F15: 40 | G15: Local Farms | H15: 0.25 | I15: 30 | J15: 45299 | K15: 45314
B16: ITM010 | C16: Meat | D16: Shrimp | E16: 40 | F16: 10 | G16: Can-O-Taste Inc. | H16: 2.5 | I16: 100 | J16: 45285 | K16: 45300
B17: ITM011 | C17: Dairy | D17: Greek Yogurt | E17: 80 | F17: 20 | G17: RefreshCo | H17: 1 | I17: 80 | J17: 45303 | K17: 45318
B18: ITM012 | C18: Condiments | D18: Tomato Sauce | E18: 30 | F18: 10 | G18: Artisan Bakes | H18: 2.2 | I18: 66 | J18: 45290 | K18: 45305
... B26: ITM020 | C26: Condiments | D26: Soy Sauce | E26: 60 | F26: 20 | G26: Can-O-Taste Inc. | H26: 1.8 | I26: 108 | J26: 45337 | K26: 45350
I27: =IF(B27="","", H27*E27)
I28: =IF(B28="","", H28*E28)
I29: =IF(B29="","", H29*E29)
I30: =IF(B30="","", H30*E30)
I31: =IF(B31="","", H31*E31)
I32: =IF(B32="","", H32*E32)
I33: =IF(B33="","", H33*E33)
I34: =IF(B34="","", H34*E34)
I35: =IF(B35="","", H35*E35)
I36: =IF(B36="","", H36*E36)
I37: =IF(B37="","", H37*E37)
I38: =IF(B38="","", H38*E38)
... I107: =IF(B107="","", H107*E107)

Sheet Order History
B2: ORDER HISTORY
B6: Order ID | C6: Item ID | D6: Quantity Ordered | E6: Date Ordered | F6: Expected Delivery | G6: Status
B7: A100 | C7: ITM001 | D7: 100 | E7: 45092 | F7: 45108 | G7: In Transit
B8: A101 | C8: ITM002 | D8: 200 | E8: 45078 | F8: 45095 | G8: Delivered
B9: A102 | C9: ITM003 | D9: 250 | E9: 45117 | F9: 45131 | G9: In Transit
B10: A103 | C10: ITM004 | D10: 150 | E10: 45066 | F10: 45082 | G10: Delivered

Sheet Supplier Contacts
B2: SUPPLIER CONTACTS
B6: Order ID | C6: Item ID | D6: Quantity Ordered | E6: Date Ordered | F6: Expected Delivery | G6: Status
B7: A100 | C7: ITM001 | D7: 100 | E7: 45092 | F7: 45108 | G7: In Transit
B8: A101 | C8: ITM002 | D8: 200 | E8: 45078 | F8: 45095 | G8: Delivered
B9: A102 | C9: ITM003 | D9: 250 | E9: 45117 | F9: 45131 | G9: In Transit
B10: A103 | C10: ITM004 | D10: 150 | E10: 45066 | F10: 45082 | G10: Delivered

Sheet Setup
B2: CATEGORIES
B3: Vegetables | C3: Meat | D3: Dairy | E3: Condiments
B4: Fresh Tomatoes | C4: Chicken Breast | D4: Fresh Milk | E4: Olive Oil | G4: {=_xludf.IFNA(TRANSPOSE(OFFSET($B$3,1,MATCH('Inventory List'!$C7,$B$3:$E$3,0)-1,100,1)),"")} -> #NAME? | H4: #NAME? | I4: #NAME? | J4: #NAME? | K4: #NAME? | L4: #NAME? | M4: #NAME? | N4: #NAME? | O4: #NAME? | P4: #NAME? | Q4: #NAME? | R4: #NAME? | S4: #NAME? | T4: #NAME? | U4: #NAME? | V4: #NAME? | W4: #NAME? | X4: #NAME? | Y4: #NAME? | Z4: #NAME? | AA4: #NAME? | AB4: #NAME? | AC4: #NAME? | AD4: #NAME? | AE4: #NAME? | AF4: #NAME? | AG4: #NAME? | AH4: #NAME? | AI4: #NAME? | AJ4: #NAME? | AK4: #NAME? | AL4: #NAME? | AM4: #NAME? | AN4: #NAME? | AO4: #NAME? | AP4: #NAME? | AQ4: #NAME? | AR4: #NAME? | AS4: #NAME? | AT4: #NAME? | AU4: #NAME? | AV4: #NAME? | AW4: #NAME? | AX4: #NAME? | AY4: #NAME? | AZ4: #NAME? | BA4: #NAME? | BB4: #NAME? | BC4: #NAME? | BD4: #NAME? | BE4: #NAME? | BF4: #NAME? | BG4: #NAME? | BH4: #NAME? | BI4: #NAME? | BJ4: #NAME? | BK4: #NAME? | BL4: #NAME? | BM4: #NAME? | BN4: #NAME? | BO4: #NAME? | BP4: #NAME? | BQ4: #NAME? | BR4: #NAME? | BS4: #NAME? | BT4: #NAME? | BU4: #NAME? | BV4: #NAME? | BW4: #NAME? | BX4: #NAME? | BY4: #NAME? | BZ4: #NAME? | CA4: #NAME? | CB4: #NAME? | CC4: #NAME? | CD4: #NAME? | CE4: #NAME? | CF4: #NAME? | CG4: #NAME? | CH4: #NAME? | CI4: #NAME? | CJ4: #NAME? | CK4: #NAME? | CL4: #NAME? | CM4: #NAME? | CN4: #NAME? | CO4: #NAME? | CP4: #NAME? | CQ4: #NAME? | CR4: #NAME? | CS4: #NAME? | CT4: #NAME? | CU4: #NAME? | CV4: #NAME? | CW4: #NAME? | CX4: #NAME? | CY4: #NAME? | CZ4: #NAME? | DA4: #NAME? | DB4: #NAME?
B5: Fresh Apples | C5: Shrimp | D5: Greek Yogurt | E5: Tomato Sauce | G5: {=_xludf.IFNA(TRANSPOSE(OFFSET($B$3,1,MATCH('Inventory List'!$C8,$B$3:$E$3,0)-1,100,1)),"")} -> #NAME? | H5: #NAME? | I5: #NAME? | J5: #NAME? | K5: #NAME? | L5: #NAME? | M5: #NAME? | N5: #NAME? | O5: #NAME? | P5: #NAME? | Q5: #NAME? | R5: #NAME? | S5: #NAME? | T5: #NAME? | U5: #NAME? | V5: #NAME? | W5: #NAME? | X5: #NAME? | Y5: #NAME? | Z5: #NAME? | AA5: #NAME? | AB5: #NAME? | AC5: #NAME? | AD5: #NAME? | AE5: #NAME? | AF5: #NAME? | AG5: #NAME? | AH5: #NAME? | AI5: #NAME? | AJ5: #NAME? | AK5: #NAME? | AL5: #NAME? | AM5: #NAME? | AN5: #NAME? | AO5: #NAME? | AP5: #NAME? | AQ5: #NAME? | AR5: #NAME? | AS5: #NAME? | AT5: #NAME? | AU5: #NAME? | AV5: #NAME? | AW5: #NAME? | AX5: #NAME? | AY5: #NAME? | AZ5: #NAME? | BA5: #NAME? | BB5: #NAME? | BC5: #NAME? | BD5: #NAME? | BE5: #NAME? | BF5: #NAME? | BG5: #NAME? | BH5: #NAME? | BI5: #NAME? | BJ5: #NAME? | BK5: #NAME? | BL5: #NAME? | BM5: #NAME? | BN5: #NAME? | BO5: #NAME? | BP5: #NAME? | BQ5: #NAME? | BR5: #NAME? | BS5: #NAME? | BT5: #NAME? | BU5: #NAME? | BV5: #NAME? | BW5: #NAME? | BX5: #NAME? | BY5: #NAME? | BZ5: #NAME? | CA5: #NAME? | CB5: #NAME? | CC5: #NAME? | CD5: #NAME? | CE5: #NAME? | CF5: #NAME? | CG5: #NAME? | CH5: #NAME? | CI5: #NAME? | CJ5: #NAME? | CK5: #NAME? | CL5: #NAME? | CM5: #NAME? | CN5: #NAME? | CO5: #NAME? | CP5: #NAME? | CQ5: #NAME? | CR5: #NAME? | CS5: #NAME? | CT5: #NAME? | CU5: #NAME? | CV5: #NAME? | CW5: #NAME? | CX5: #NAME? | CY5: #NAME? | CZ5: #NAME? | DA5: #NAME? | DB5: #NAME?
B6: Bananas | C6: Turkey Breast | E6: Soy Sauce | G6: {=_xludf.IFNA(TRANSPOSE(OFFSET($B$3,1,MATCH('Inventory List'!$C9,$B$3:$E$3,0)-1,100,1)),"")} -> #NAME? | H6: #NAME? | I6: #NAME? | J6: #NAME? | K6: #NAME? | L6: #NAME? | M6: #NAME? | N6: #NAME? | O6: #NAME? | P6: #NAME? | Q6: #NAME? | R6: #NAME? | S6: #NAME? | T6: #NAME? | U6: #NAME? | V6: #NAME? | W6: #NAME? | X6: #NAME? | Y6: #NAME? | Z6: #NAME? | AA6: #NAME? | AB6: #NAME? | AC6: #NAME? | AD6: #NAME? | AE6: #NAME? | AF6: #NAME? | AG6: #NAME? | AH6: #NAME? | AI6: #NAME? | AJ6: #NAME? | AK6: #NAME? | AL6: #NAME? | AM6: #NAME? | AN6: #NAME? | AO6: #NAME? | AP6: #NAME? | AQ6: #NAME? | AR6: #NAME? | AS6: #NAME? | AT6: #NAME? | AU6: #NAME? | AV6: #NAME? | AW6: #NAME? | AX6: #NAME? | AY6: #NAME? | AZ6: #NAME? | BA6: #NAME? | BB6: #NAME? | BC6: #NAME? | BD6: #NAME? | BE6: #NAME? | BF6: #NAME? | BG6: #NAME? | BH6: #NAME? | BI6: #NAME? | BJ6: #NAME? | BK6: #NAME? | BL6: #NAME? | BM6: #NAME? | BN6: #NAME? | BO6: #NAME? | BP6: #NAME? | BQ6: #NAME? | BR6: #NAME? | BS6: #NAME? | BT6: #NAME? | BU6: #NAME? | BV6: #NAME? | BW6: #NAME? | BX6: #NAME? | BY6: #NAME? | BZ6: #NAME? | CA6: #NAME? | CB6: #NAME? | CC6: #NAME? | CD6: #NAME? | CE6: #NAME? | CF6: #NAME? | CG6: #NAME? | CH6: #NAME? | CI6: #NAME? | CJ6: #NAME? | CK6: #NAME? | CL6: #NAME? | CM6: #NAME? | CN6: #NAME? | CO6: #NAME? | CP6: #NAME? | CQ6: #NAME? | CR6: #NAME? | CS6: #NAME? | CT6: #NAME? | CU6: #NAME? | CV6: #NAME? | CW6: #NAME? | CX6: #NAME? | CY6: #NAME? | CZ6: #NAME? | DA6: #NAME? | DB6: #NAME?
B7: Green Beans | E7: Chocolate Chips | G7: {=_xludf.IFNA(TRANSPOSE(OFFSET($B$3,1,MATCH('Inventory List'!$C10,$B$3:$E$3,0)-1,100,1)),"")} -> #NAME? | H7: #NAME? | I7: #NAME? | J7: #NAME? | K7: #NAME? | L7: #NAME? | M7: #NAME? | N7: #NAME? | O7: #NAME? | P7: #NAME? | Q7: #NAME? | R7: #NAME? | S7: #NAME? | T7: #NAME? | U7: #NAME? | V7: #NAME? | W7: #NAME? | X7: #NAME? | Y7: #NAME? | Z7: #NAME? | AA7: #NAME? | AB7: #NAME? | AC7: #NAME? | AD7: #NAME? | AE7: #NAME? | AF7: #NAME? | AG7: #NAME? | AH7: #NAME? | AI7: #NAME? | AJ7: #NAME? | AK7: #NAME? | AL7: #NAME? | AM7: #NAME? | AN7: #NAME? | AO7: #NAME? | AP7: #NAME? | AQ7: #NAME? | AR7: #NAME? | AS7: #NAME? | AT7: #NAME? | AU7: #NAME? | AV7: #NAME? | AW7: #NAME? | AX7: #NAME? | AY7: #NAME? | AZ7: #NAME? | BA7: #NAME? | BB7: #NAME? | BC7: #NAME? | BD7: #NAME? | BE7: #NAME? | BF7: #NAME? | BG7: #NAME? | BH7: #NAME? | BI7: #NAME? | BJ7: #NAME? | BK7: #NAME? | BL7: #NAME? | BM7: #NAME? | BN7: #NAME? | BO7: #NAME? | BP7: #NAME? | BQ7: #NAME? | BR7: #NAME? | BS7: #NAME? | BT7: #NAME? | BU7: #NAME? | BV7: #NAME? | BW7: #NAME? | BX7: #NAME? | BY7: #NAME? | BZ7: #NAME? | CA7: #NAME? | CB7: #NAME? | CC7: #NAME? | CD7: #NAME? | CE7: #NAME? | CF7: #NAME? | CG7: #NAME? | CH7: #NAME? | CI7: #NAME? | CJ7: #NAME? | CK7: #NAME? | CL7: #NAME? | CM7: #NAME? | CN7: #NAME? | CO7: #NAME? | CP7: #NAME? | CQ7: #NAME? | CR7: #NAME? | CS7: #NAME? | CT7: #NAME? | CU7: #NAME? | CV7: #NAME? | CW7: #NAME? | CX7: #NAME? | CY7: #NAME? | CZ7: #NAME? | DA7: #NAME? | DB7: #NAME?
B8: Quinoa | E8: Soda Cans | G8: {=_xludf.IFNA(TRANSPOSE(OFFSET($B$3,1,MATCH('Inventory List'!$C11,$B$3:$E$3,0)-1,100,1)),"")} -> #NAME? | H8: #NAME? | I8: #NAME? | J8: #NAME? | K8: #NAME? | L8: #NAME? | M8: #NAME? | N8: #NAME? | O8: #NAME? | P8: #NAME? | Q8: #NAME? | R8: #NAME? | S8: #NAME? | T8: #NAME? | U8: #NAME? | V8: #NAME? | W8: #NAME? | X8: #NAME? | Y8: #NAME? | Z8: #NAME? | AA8: #NAME? | AB8: #NAME? | AC8: #NAME? | AD8: #NAME? | AE8: #NAME? | AF8: #NAME? | AG8: #NAME? | AH8: #NAME? | AI8: #NAME? | AJ8: #NAME? | AK8: #NAME? | AL8: #NAME? | AM8: #NAME? | AN8: #NAME? | AO8: #NAME? | AP8: #NAME? | AQ8: #NAME? | AR8: #NAME? | AS8: #NAME? | AT8: #NAME? | AU8: #NAME? | AV8: #NAME? | AW8: #NAME? | AX8: #NAME? | AY8: #NAME? | AZ8: #NAME? | BA8: #NAME? | BB8: #NAME? | BC8: #NAME? | BD8: #NAME? | BE8: #NAME? | BF8: #NAME? | BG8: #NAME? | BH8: #NAME? | BI8: #NAME? | BJ8: #NAME? | BK8: #NAME? | BL8: #NAME? | BM8: #NAME? | BN8: #NAME? | BO8: #NAME? | BP8: #NAME? | BQ8: #NAME? | BR8: #NAME? | BS8: #NAME? | BT8: #NAME? | BU8: #NAME? | BV8: #NAME? | BW8: #NAME? | BX8: #NAME? | BY8: #NAME? | BZ8: #NAME? | CA8: #NAME? | CB8: #NAME? | CC8: #NAME? | CD8: #NAME? | CE8: #NAME? | CF8: #NAME? | CG8: #NAME? | CH8: #NAME? | CI8: #NAME? | CJ8: #NAME? | CK8: #NAME? | CL8: #NAME? | CM8: #NAME? | CN8: #NAME? | CO8: #NAME? | CP8: #NAME? | CQ8: #NAME? | CR8: #NAME? | CS8: #NAME? | CT8: #NAME? | CU8: #NAME? | CV8: #NAME? | CW8: #NAME? | CX8: #NAME? | CY8: #NAME? | CZ8: #NAME? | DA8: #NAME? | DB8: #NAME?
G9: {=_xludf.IFNA(TRANSPOSE(OFFSET($B$3,1,MATCH('Inventory List'!$C12,$B$3:$E$3,0)-1,100,1)),"")} -> #NAME? | H9: #NAME? | I9: #NAME? | J9: #NAME? | K9: #NAME? | L9: #NAME? | M9: #NAME? | N9: #NAME? | O9: #NAME? | P9: #NAME? | Q9: #NAME? | R9: #NAME? | S9: #NAME? | T9: #NAME? | U9: #NAME? | V9: #NAME? | W9: #NAME? | X9: #NAME? | Y9: #NAME? | Z9: #NAME? | AA9: #NAME? | AB9: #NAME? | AC9: #NAME? | AD9: #NAME? | AE9: #NAME? | AF9: #NAME? | AG9: #NAME? | AH9: #NAME? | AI9: #NAME? | AJ9: #NAME? | AK9: #NAME? | AL9: #NAME? | AM9: #NAME? | AN9: #NAME? | AO9: #NAME? | AP9: #NAME? | AQ9: #NAME? | AR9: #NAME? | AS9: #NAME? | AT9: #NAME? | AU9: #NAME? | AV9: #NAME? | AW9: #NAME? | AX9: #NAME? | AY9: #NAME? | AZ9: #NAME? | BA9: #NAME? | BB9: #NAME? | BC9: #NAME? | BD9: #NAME? | BE9: #NAME? | BF9: #NAME? | BG9: #NAME? | BH9: #NAME? | BI9: #NAME? | BJ9: #NAME? | BK9: #NAME? | BL9: #NAME? | BM9: #NAME? | BN9: #NAME? | BO9: #NAME? | BP9: #NAME? | BQ9: #NAME? | BR9: #NAME? | BS9: #NAME? | BT9: #NAME? | BU9: #NAME? | BV9: #NAME? | BW9: #NAME? | BX9: #NAME? | BY9: #NAME? | BZ9: #NAME? | CA9: #NAME? | CB9: #NAME? | CC9: #NAME? | CD9: #NAME? | CE9: #NAME? | CF9: #NAME? | CG9: #NAME? | CH9: #NAME? | CI9: #NAME? | CJ9: #NAME? | CK9: #NAME? | CL9: #NAME? | CM9: #NAME? | CN9: #NAME? | CO9: #NAME? | CP9: #NAME? | CQ9: #NAME? | CR9: #NAME? | CS9: #NAME? | CT9: #NAME? | CU9: #NAME? | CV9: #NAME? | CW9: #NAME? | CX9: #NAME? | CY9: #NAME? | CZ9: #NAME? | DA9: #NAME? | DB9: #NAME?
G10: {=_xludf.IFNA(TRANSPOSE(OFFSET($B$3,1,MATCH('Inventory List'!$C13,$B$3:$E$3,0)-1,100,1)),"")} -> #NAME? | H10: #NAME? | I10: #NAME? | J10: #NAME? | K10: #NAME? | L10: #NAME? | M10: #NAME? | N10: #NAME? | O10: #NAME? | P10: #NAME? | Q10: #NAME? | R10: #NAME? | S10: #NAME? | T10: #NAME? | U10: #NAME? | V10: #NAME? | W10: #NAME? | X10: #NAME? | Y10: #NAME? | Z10: #NAME? | AA10: #NAME? | AB10: #NAME? | AC10: #NAME? | AD10: #NAME? | AE10: #NAME? | AF10: #NAME? | AG10: #NAME? | AH10: #NAME? | AI10: #NAME? | AJ10: #NAME? | AK10: #NAME? | AL10: #NAME? | AM10: #NAME? | AN10: #NAME? | AO10: #NAME? | AP10: #NAME? | AQ10: #NAME? | AR10: #NAME? | AS10: #NAME? | AT10: #NAME? | AU10: #NAME? | AV10: #NAME? | AW10: #NAME? | AX10: #NAME? | AY10: #NAME? | AZ10: #NAME? | BA10: #NAME? | BB10: #NAME? | BC10: #NAME? | BD10: #NAME? | BE10: #NAME? | BF10: #NAME? | BG10: #NAME? | BH10: #NAME? | BI10: #NAME? | BJ10: #NAME? | BK10: #NAME? | BL10: #NAME? | BM10: #NAME? | BN10: #NAME? | BO10: #NAME? | BP10: #NAME? | BQ10: #NAME? | BR10: #NAME? | BS10: #NAME? | BT10: #NAME? | BU10: #NAME? | BV10: #NAME? | BW10: #NAME? | BX10: #NAME? | BY10: #NAME? | BZ10: #NAME? | CA10: #NAME? | CB10: #NAME? | CC10: #NAME? | CD10: #NAME? | CE10: #NAME? | CF10: #NAME? | CG10: #NAME? | CH10: #NAME? | CI10: #NAME? | CJ10: #NAME? | CK10: #NAME? | CL10: #NAME? | CM10: #NAME? | CN10: #NAME? | CO10: #NAME? | CP10: #NAME? | CQ10: #NAME? | CR10: #NAME? | CS10: #NAME? | CT10: #NAME? | CU10: #NAME? | CV10: #NAME? | CW10: #NAME? | CX10: #NAME? | CY10: #NAME? | CZ10: #NAME? | DA10: #NAME? | DB10: #NAME?
G11: {=_xludf.IFNA(TRANSPOSE(OFFSET($B$3,1,MATCH('Inventory List'!$C14,$B$3:$E$3,0)-1,100,1)),"")} -> #NAME? | H11: #NAME? | I11: #NAME? | J11: #NAME? | K11: #NAME? | L11: #NAME? | M11: #NAME? | N11: #NAME? | O11: #NAME? | P11: #NAME? | Q11: #NAME? | R11: #NAME? | S11: #NAME? | T11: #NAME? | U11: #NAME? | V11: #NAME? | W11: #NAME? | X11: #NAME? | Y11: #NAME? | Z11: #NAME? | AA11: #NAME? | AB11: #NAME? | AC11: #NAME? | AD11: #NAME? | AE11: #NAME? | AF11: #NAME? | AG11: #NAME? | AH11: #NAME? | AI11: #NAME? | AJ11: #NAME? | AK11: #NAME? | AL11: #NAME? | AM11: #NAME? | AN11: #NAME? | AO11: #NAME? | AP11: #NAME? | AQ11: #NAME? | AR11: #NAME? | AS11: #NAME? | AT11: #NAME? | AU11: #NAME? | AV11: #NAME? | AW11: #NAME? | AX11: #NAME? | AY11: #NAME? | AZ11: #NAME? | BA11: #NAME? | BB11: #NAME? | BC11: #NAME? | BD11: #NAME? | BE11: #NAME? | BF11: #NAME? | BG11: #NAME? | BH11: #NAME? | BI11: #NAME? | BJ11: #NAME? | BK11: #NAME? | BL11: #NAME? | BM11: #NAME? | BN11: #NAME? | BO11: #NAME? | BP11: #NAME? | BQ11: #NAME? | BR11: #NAME? | BS11: #NAME? | BT11: #NAME? | BU11: #NAME? | BV11: #NAME? | BW11: #NAME? | BX11: #NAME? | BY11: #NAME? | BZ11: #NAME? | CA11: #NAME? | CB11: #NAME? | CC11: #NAME? | CD11: #NAME? | CE11: #NAME? | CF11: #NAME? | CG11: #NAME? | CH11: #NAME? | CI11: #NAME? | CJ11: #NAME? | CK11: #NAME? | CL11: #NAME? | CM11: #NAME? | CN11: #NAME? | CO11: #NAME? | CP11: #NAME? | CQ11: #NAME? | CR11: #NAME? | CS11: #NAME? | CT11: #NAME? | CU11: #NAME? | CV11: #NAME? | CW11: #NAME? | CX11: #NAME? | CY11: #NAME? | CZ11: #NAME? | DA11: #NAME? | DB11: #NAME?
G12: {=_xludf.IFNA(TRANSPOSE(OFFSET($B$3,1,MATCH('Inventory List'!$C15,$B$3:$E$3,0)-1,100,1)),"")} -> #NAME? | H12: #NAME? | I12: #NAME? | J12: #NAME? | K12: #NAME? | L12: #NAME? | M12: #NAME? | N12: #NAME? | O12: #NAME? | P12: #NAME? | Q12: #NAME? | R12: #NAME? | S12: #NAME? | T12: #NAME? | U12: #NAME? | V12: #NAME? | W12: #NAME? | X12: #NAME? | Y12: #NAME? | Z12: #NAME? | AA12: #NAME? | AB12: #NAME? | AC12: #NAME? | AD12: #NAME? | AE12: #NAME? | AF12: #NAME? | AG12: #NAME? | AH12: #NAME? | AI12: #NAME? | AJ12: #NAME? | AK12: #NAME? | AL12: #NAME? | AM12: #NAME? | AN12: #NAME? | AO12: #NAME? | AP12: #NAME? | AQ12: #NAME? | AR12: #NAME? | AS12: #NAME? | AT12: #NAME? | AU12: #NAME? | AV12: #NAME? | AW12: #NAME? | AX12: #NAME? | AY12: #NAME? | AZ12: #NAME? | BA12: #NAME? | BB12: #NAME? | BC12: #NAME? | BD12: #NAME? | BE12: #NAME? | BF12: #NAME? | BG12: #NAME? | BH12: #NAME? | BI12: #NAME? | BJ12: #NAME? | BK12: #NAME? | BL12: #NAME? | BM12: #NAME? | BN12: #NAME? | BO12: #NAME? | BP12: #NAME? | BQ12: #NAME? | BR12: #NAME? | BS12: #NAME? | BT12: #NAME? | BU12: #NAME? | BV12: #NAME? | BW12: #NAME? | BX12: #NAME? | BY12: #NAME? | BZ12: #NAME? | CA12: #NAME? | CB12: #NAME? | CC12: #NAME? | CD12: #NAME? | CE12: #NAME? | CF12: #NAME? | CG12: #NAME? | CH12: #NAME? | CI12: #NAME? | CJ12: #NAME? | CK12: #NAME? | CL12: #NAME? | CM12: #NAME? | CN12: #NAME? | CO12: #NAME? | CP12: #NAME? | CQ12: #NAME? | CR12: #NAME? | CS12: #NAME? | CT12: #NAME? | CU12: #NAME? | CV12: #NAME? | CW12: #NAME? | CX12: #NAME? | CY12: #NAME? | CZ12: #NAME? | DA12: #NAME? | DB12: #NAME?
G13: {=_xludf.IFNA(TRANSPOSE(OFFSET($B$3,1,MATCH('Inventory List'!$C16,$B$3:$E$3,0)-1,100,1)),"")} -> #NAME? | H13: #NAME? | I13: #NAME? | J13: #NAME? | K13: #NAME? | L13: #NAME? | M13: #NAME? | N13: #NAME? | O13: #NAME? | P13: #NAME? | Q13: #NAME? | R13: #NAME? | S13: #NAME? | T13: #NAME? | U13: #NAME? | V13: #NAME? | W13: #NAME? | X13: #NAME? | Y13: #NAME? | Z13: #NAME? | AA13: #NAME? | AB13: #NAME? | AC13: #NAME? | AD13: #NAME? | AE13: #NAME? | AF13: #NAME? | AG13: #NAME? | AH13: #NAME? | AI13: #NAME? | AJ13: #NAME? | AK13: #NAME? | AL13: #NAME? | AM13: #NAME? | AN13: #NAME? | AO13: #NAME? | AP13: #NAME? | AQ13: #NAME? | AR13: #NAME? | AS13: #NAME? | AT13: #NAME? | AU13: #NAME? | AV13: #NAME? | AW13: #NAME? | AX13: #NAME? | AY13: #NAME? | AZ13: #NAME? | BA13: #NAME? | BB13: #NAME? | BC13: #NAME? | BD13: #NAME? | BE13: #NAME? | BF13: #NAME? | BG13: #NAME? | BH13: #NAME? | BI13: #NAME? | BJ13: #NAME? | BK13: #NAME? | BL13: #NAME? | BM13: #NAME? | BN13: #NAME? | BO13: #NAME? | BP13: #NAME? | BQ13: #NAME? | BR13: #NAME? | BS13: #NAME? | BT13: #NAME? | BU13: #NAME? | BV13: #NAME? | BW13: #NAME? | BX13: #NAME? | BY13: #NAME? | BZ13: #NAME? | CA13: #NAME? | CB13: #NAME? | CC13: #NAME? | CD13: #NAME? | CE13: #NAME? | CF13: #NAME? | CG13: #NAME? | CH13: #NAME? | CI13: #NAME? | CJ13: #NAME? | CK13: #NAME? | CL13: #NAME? | CM13: #NAME? | CN13: #NAME? | CO13: #NAME? | CP13: #NAME? | CQ13: #NAME? | CR13: #NAME? | CS13: #NAME? | CT13: #NAME? | CU13: #NAME? | CV13: #NAME? | CW13: #NAME? | CX13: #NAME? | CY13: #NAME? | CZ13: #NAME? | DA13: #NAME? | DB13: #NAME?
G14: {=_xludf.IFNA(TRANSPOSE(OFFSET($B$3,1,MATCH('Inventory List'!$C17,$B$3:$E$3,0)-1,100,1)),"")} -> #NAME? | H14: #NAME? | I14: #NAME? | J14: #NAME? | K14: #NAME? | L14: #NAME? | M14: #NAME? | N14: #NAME? | O14: #NAME? | P14: #NAME? | Q14: #NAME? | R14: #NAME? | S14: #NAME? | T14: #NAME? | U14: #NAME? | V14: #NAME? | W14: #NAME? | X14: #NAME? | Y14: #NAME? | Z14: #NAME? | AA14: #NAME? | AB14: #NAME? | AC14: #NAME? | AD14: #NAME? | AE14: #NAME? | AF14: #NAME? | AG14: #NAME? | AH14: #NAME? | AI14: #NAME? | AJ14: #NAME? | AK14: #NAME? | AL14: #NAME? | AM14: #NAME? | AN14: #NAME? | AO14: #NAME? | AP14: #NAME? | AQ14: #NAME? | AR14: #NAME? | AS14: #NAME? | AT14: #NAME? | AU14: #NAME? | AV14: #NAME? | AW14: #NAME? | AX14: #NAME? | AY14: #NAME? | AZ14: #NAME? | BA14: #NAME? | BB14: #NAME? | BC14: #NAME? | BD14: #NAME? | BE14: #NAME? | BF14: #NAME? | BG14: #NAME? | BH14: #NAME? | BI14: #NAME? | BJ14: #NAME? | BK14: #NAME? | BL14: #NAME? | BM14: #NAME? | BN14: #NAME? | BO14: #NAME? | BP14: #NAME? | BQ14: #NAME? | BR14: #NAME? | BS14: #NAME? | BT14: #NAME? | BU14: #NAME? | BV14: #NAME? | BW14: #NAME? | BX14: #NAME? | BY14: #NAME? | BZ14: #NAME? | CA14: #NAME? | CB14: #NAME? | CC14: #NAME? | CD14: #NAME? | CE14: #NAME? | CF14: #NAME? | CG14: #NAME? | CH14: #NAME? | CI14: #NAME? | CJ14: #NAME? | CK14: #NAME? | CL14: #NAME? | CM14: #NAME? | CN14: #NAME? | CO14: #NAME? | CP14: #NAME? | CQ14: #NAME? | CR14: #NAME? | CS14: #NAME? | CT14: #NAME? | CU14: #NAME? | CV14: #NAME? | CW14: #NAME? | CX14: #NAME? | CY14: #NAME? | CZ14: #NAME? | DA14: #NAME? | DB14: #NAME?
G15: {=_xludf.IFNA(TRANSPOSE(OFFSET($B$3,1,MATCH('Inventory List'!$C18,$B$3:$E$3,0)-1,100,1)),"")} -> #NAME? | H15: #NAME? | I15: #NAME? | J15: #NAME? | K15: #NAME? | L15: #NAME? | M15: #NAME? | N15: #NAME? | O15: #NAME? | P15: #NAME? | Q15: #NAME? | R15: #NAME? | S15: #NAME? | T15: #NAME? | U15: #NAME? | V15: #NAME? | W15: #NAME? | X15: #NAME? | Y15: #NAME? | Z15: #NAME? | AA15: #NAME? | AB15: #NAME? | AC15: #NAME? | AD15: #NAME? | AE15: #NAME? | AF15: #NAME? | AG15: #NAME? | AH15: #NAME? | AI15: #NAME? | AJ15: #NAME? | AK15: #NAME? | AL15: #NAME? | AM15: #NAME? | AN15: #NAME? | AO15: #NAME? | AP15: #NAME? | AQ15: #NAME? | AR15: #NAME? | AS15: #NAME? | AT15: #NAME? | AU15: #NAME? | AV15: #NAME? | AW15: #NAME? | AX15: #NAME? | AY15: #NAME? | AZ15: #NAME? | BA15: #NAME? | BB15: #NAME? | BC15: #NAME? | BD15: #NAME? | BE15: #NAME? | BF15: #NAME? | BG15: #NAME? | BH15: #NAME? | BI15: #NAME? | BJ15: #NAME? | BK15: #NAME? | BL15: #NAME? | BM15: #NAME? | BN15: #NAME? | BO15: #NAME? | BP15: #NAME? | BQ15: #NAME? | BR15: #NAME? | BS15: #NAME? | BT15: #NAME? | BU15: #NAME? | BV15: #NAME? | BW15: #NAME? | BX15: #NAME? | BY15: #NAME? | BZ15: #NAME? | CA15: #NAME? | CB15: #NAME? | CC15: #NAME? | CD15: #NAME? | CE15: #NAME? | CF15: #NAME? | CG15: #NAME? | CH15: #NAME? | CI15: #NAME? | CJ15: #NAME? | CK15: #NAME? | CL15: #NAME? | CM15: #NAME? | CN15: #NAME? | CO15: #NAME? | CP15: #NAME? | CQ15: #NAME? | CR15: #NAME? | CS15: #NAME? | CT15: #NAME? | CU15: #NAME? | CV15: #NAME? | CW15: #NAME? | CX15: #NAME? | CY15: #NAME? | CZ15: #NAME? | DA15: #NAME? | DB15: #NAME?
G16: {=_xludf.IFNA(TRANSPOSE(OFFSET($B$3,1,MATCH('Inventory List'!$C19,$B$3:$E$3,0)-1,100,1)),"")} -> #NAME? | H16: #NAME? | I16: #NAME? | J16: #NAME? | K16: #NAME? | L16: #NAME? | M16: #NAME? | N16: #NAME? | O16: #NAME? | P16: #NAME? | Q16: #NAME? | R16: #NAME? | S16: #NAME? | T16: #NAME? | U16: #NAME? | V16: #NAME? | W16: #NAME? | X16: #NAME? | Y16: #NAME? | Z16: #NAME? | AA16: #NAME? | AB16: #NAME? | AC16: #NAME? | AD16: #NAME? | AE16: #NAME? | AF16: #NAME? | AG16: #NAME? | AH16: #NAME? | AI16: #NAME? | AJ16: #NAME? | AK16: #NAME? | AL16: #NAME? | AM16: #NAME? | AN16: #NAME? | AO16: #NAME? | AP16: #NAME? | AQ16: #NAME? | AR16: #NAME? | AS16: #NAME? | AT16: #NAME? | AU16: #NAME? | AV16: #NAME? | AW16: #NAME? | AX16: #NAME? | AY16: #NAME? | AZ16: #NAME? | BA16: #NAME? | BB16: #NAME? | BC16: #NAME? | BD16: #NAME? | BE16: #NAME? | BF16: #NAME? | BG16: #NAME? | BH16: #NAME? | BI16: #NAME? | BJ16: #NAME? | BK16: #NAME? | BL16: #NAME? | BM16: #NAME? | BN16: #NAME? | BO16: #NAME? | BP16: #NAME? | BQ16: #NAME? | BR16: #NAME? | BS16: #NAME? | BT16: #NAME? | BU16: #NAME? | BV16: #NAME? | BW16: #NAME? | BX16: #NAME? | BY16: #NAME? | BZ16: #NAME? | CA16: #NAME? | CB16: #NAME? | CC16: #NAME? | CD16: #NAME? | CE16: #NAME? | CF16: #NAME? | CG16: #NAME? | CH16: #NAME? | CI16: #NAME? | CJ16: #NAME? | CK16: #NAME? | CL16: #NAME? | CM16: #NAME? | CN16: #NAME? | CO16: #NAME? | CP16: #NAME? | CQ16: #NAME? | CR16: #NAME? | CS16: #NAME? | CT16: #NAME? | CU16: #NAME? | CV16: #NAME? | CW16: #NAME? | CX16: #NAME? | CY16: #NAME? | CZ16: #NAME? | DA16: #NAME? | DB16: #NAME?
G17: {=_xludf.IFNA(TRANSPOSE(OFFSET($B$3,1,MATCH('Inventory List'!$C20,$B$3:$E$3,0)-1,100,1)),"")} -> #NAME? | H17: #NAME? | I17: #NAME? | J17: #NAME? | K17: #NAME? | L17: #NAME? | M17: #NAME? | N17: #NAME? | O17: #NAME? | P17: #NAME? | Q17: #NAME? | R17: #NAME? | S17: #NAME? | T17: #NAME? | U17: #NAME? | V17: #NAME? | W17: #NAME? | X17: #NAME? | Y17: #NAME? | Z17: #NAME? | AA17: #NAME? | AB17: #NAME? | AC17: #NAME? | AD17: #NAME? | AE17: #NAME? | AF17: #NAME? | AG17: #NAME? | AH17: #NAME? | AI17: #NAME? | AJ17: #NAME? | AK17: #NAME? | AL17: #NAME? | AM17: #NAME? | AN17: #NAME? | AO17: #NAME? | AP17: #NAME? | AQ17: #NAME? | AR17: #NAME? | AS17: #NAME? | AT17: #NAME? | AU17: #NAME? | AV17: #NAME? | AW17: #NAME? | AX17: #NAME? | AY17: #NAME? | AZ17: #NAME? | BA17: #NAME? | BB17: #NAME? | BC17: #NAME? | BD17: #NAME? | BE17: #NAME? | BF17: #NAME? | BG17: #NAME? | BH17: #NAME? | BI17: #NAME? | BJ17: #NAME? | BK17: #NAME? | BL17: #NAME? | BM17: #NAME? | BN17: #NAME? | BO17: #NAME? | BP17: #NAME? | BQ17: #NAME? | BR17: #NAME? | BS17: #NAME? | BT17: #NAME? | BU17: #NAME? | BV17: #NAME? | BW17: #NAME? | BX17: #NAME? | BY17: #NAME? | BZ17: #NAME? | CA17: #NAME? | CB17: #NAME? | CC17: #NAME? | CD17: #NAME? | CE17: #NAME? | CF17: #NAME? | CG17: #NAME? | CH17: #NAME? | CI17: #NAME? | CJ17: #NAME? | CK17: #NAME? | CL17: #NAME? | CM17: #NAME? | CN17: #NAME? | CO17: #NAME? | CP17: #NAME? | CQ17: #NAME? | CR17: #NAME? | CS17: #NAME? | CT17: #NAME? | CU17: #NAME? | CV17: #NAME? | CW17: #NAME? | CX17: #NAME? | CY17: #NAME? | CZ17: #NAME? | DA17: #NAME? | DB17: #NAME?
G18: {=_xludf.IFNA(TRANSPOSE(OFFSET($B$3,1,MATCH('Inventory List'!$C21,$B$3:$E$3,0)-1,100,1)),"")} -> #NAME? | H18: #NAME? | I18: #NAME? | J18: #NAME? | K18: #NAME? | L18: #NAME? | M18: #NAME? | N18: #NAME? | O18: #NAME? | P18: #NAME? | Q18: #NAME? | R18: #NAME? | S18: #NAME? | T18: #NAME? | U18: #NAME? | V18: #NAME? | W18: #NAME? | X18: #NAME? | Y18: #NAME? | Z18: #NAME? | AA18: #NAME? | AB18: #NAME? | AC18: #NAME? | AD18: #NAME? | AE18: #NAME? | AF18: #NAME? | AG18: #NAME? | AH18: #NAME? | AI18: #NAME? | AJ18: #NAME? | AK18: #NAME? | AL18: #NAME? | AM18: #NAME? | AN18: #NAME? | AO18: #NAME? | AP18: #NAME? | AQ18: #NAME? | AR18: #NAME? | AS18: #NAME? | AT18: #NAME? | AU18: #NAME? | AV18: #NAME? | AW18: #NAME? | AX18: #NAME? | AY18: #NAME? | AZ18: #NAME? | BA18: #NAME? | BB18: #NAME? | BC18: #NAME? | BD18: #NAME? | BE18: #NAME? | BF18: #NAME? | BG18: #NAME? | BH18: #NAME? | BI18: #NAME? | BJ18: #NAME? | BK18: #NAME? | BL18: #NAME? | BM18: #NAME? | BN18: #NAME? | BO18: #NAME? | BP18: #NAME? | BQ18: #NAME? | BR18: #NAME? | BS18: #NAME? | BT18: #NAME? | BU18: #NAME? | BV18: #NAME? | BW18: #NAME? | BX18: #NAME? | BY18: #NAME? | BZ18: #NAME? | CA18: #NAME? | CB18: #NAME? | CC18: #NAME? | CD18: #NAME? | CE18: #NAME? | CF18: #NAME? | CG18: #NAME? | CH18: #NAME? | CI18: #NAME? | CJ18: #NAME? | CK18: #NAME? | CL18: #NAME? | CM18: #NAME? | CN18: #NAME? | CO18: #NAME? | CP18: #NAME? | CQ18: #NAME? | CR18: #NAME? | CS18: #NAME? | CT18: #NAME? | CU18: #NAME? | CV18: #NAME? | CW18: #NAME? | CX18: #NAME? | CY18: #NAME? | CZ18: #NAME? | DA18: #NAME? | DB18: #NAME?
G19: {=_xludf.IFNA(TRANSPOSE(OFFSET($B$3,1,MATCH('Inventory List'!$C22,$B$3:$E$3,0)-1,100,1)),"")} -> #NAME? | H19: #NAME? | I19: #NAME? | J19: #NAME? | K19: #NAME? | L19: #NAME? | M19: #NAME? | N19: #NAME? | O19: #NAME? | P19: #NAME? | Q19: #NAME? | R19: #NAME? | S19: #NAME? | T19: #NAME? | U19: #NAME? | V19: #NAME? | W19: #NAME? | X19: #NAME? | Y19: #NAME? | Z19: #NAME? | AA19: #NAME? | AB19: #NAME? | AC19: #NAME? | AD19: #NAME? | AE19: #NAME? | AF19: #NAME? | AG19: #NAME? | AH19: #NAME? | AI19: #NAME? | AJ19: #NAME? | AK19: #NAME? | AL19: #NAME? | AM19: #NAME? | AN19: #NAME? | AO19: #NAME? | AP19: #NAME? | AQ19: #NAME? | AR19: #NAME? | AS19: #NAME? | AT19: #NAME? | AU19: #NAME? | AV19: #NAME? | AW19: #NAME? | AX19: #NAME? | AY19: #NAME? | AZ19: #NAME? | BA19: #NAME? | BB19: #NAME? | BC19: #NAME? | BD19: #NAME? | BE19: #NAME? | BF19: #NAME? | BG19: #NAME? | BH19: #NAME? | BI19: #NAME? | BJ19: #NAME? | BK19: #NAME? | BL19: #NAME? | BM19: #NAME? | BN19: #NAME? | BO19: #NAME? | BP19: #NAME? | BQ19: #NAME? | BR19: #NAME? | BS19: #NAME? | BT19: #NAME? | BU19: #NAME? | BV19: #NAME? | BW19: #NAME? | BX19: #NAME? | BY19: #NAME? | BZ19: #NAME? | CA19: #NAME? | CB19: #NAME? | CC19: #NAME? | CD19: #NAME? | CE19: #NAME? | CF19: #NAME? | CG19: #NAME? | CH19: #NAME? | CI19: #NAME? | CJ19: #NAME? | CK19: #NAME? | CL19: #NAME? | CM19: #NAME? | CN19: #NAME? | CO19: #NAME? | CP19: #NAME? | CQ19: #NAME? | CR19: #NAME? | CS19: #NAME? | CT19: #NAME? | CU19: #NAME? | CV19: #NAME? | CW19: #NAME? | CX19: #NAME? | CY19: #NAME? | CZ19: #NAME? | DA19: #NAME? | DB19: #NAME?
G20: {=_xludf.IFNA(TRANSPOSE(OFFSET($B$3,1,MATCH('Inventory List'!$C23,$B$3:$E$3,0)-1,100,1)),"")} -> #NAME? | H20: #NAME? | I20: #NAME? | J20: #NAME? | K20: #NAME? | L20: #NAME? | M20: #NAME? | N20: #NAME? | O20: #NAME? | P20: #NAME? | Q20: #NAME? | R20: #NAME? | S20: #NAME? | T20: #NAME? | U20: #NAME? | V20: #NAME? | W20: #NAME? | X20: #NAME? | Y20: #NAME? | Z20: #NAME? | AA20: #NAME? | AB20: #NAME? | AC20: #NAME? | AD20: #NAME? | AE20: #NAME? | AF20: #NAME? | AG20: #NAME? | AH20: #NAME? | AI20: #NAME? | AJ20: #NAME? | AK20: #NAME? | AL20: #NAME? | AM20: #NAME? | AN20: #NAME? | AO20: #NAME? | AP20: #NAME? | AQ20: #NAME? | AR20: #NAME? | AS20: #NAME? | AT20: #NAME? | AU20: #NAME? | AV20: #NAME? | AW20: #NAME? | AX20: #NAME? | AY20: #NAME? | AZ20: #NAME? | BA20: #NAME? | BB20: #NAME? | BC20: #NAME? | BD20: #NAME? | BE20: #NAME? | BF20: #NAME? | BG20: #NAME? | BH20: #NAME? | BI20: #NAME? | BJ20: #NAME? | BK20: #NAME? | BL20: #NAME? | BM20: #NAME? | BN20: #NAME? | BO20: #NAME? | BP20: #NAME? | BQ20: #NAME? | BR20: #NAME? | BS20: #NAME? | BT20: #NAME? | BU20: #NAME? | BV20: #NAME? | BW20: #NAME? | BX20: #NAME? | BY20: #NAME? | BZ20: #NAME? | CA20: #NAME? | CB20: #NAME? | CC20: #NAME? | CD20: #NAME? | CE20: #NAME? | CF20: #NAME? | CG20: #NAME? | CH20: #NAME? | CI20: #NAME? | CJ20: #NAME? | CK20: #NAME? | CL20: #NAME? | CM20: #NAME? | CN20: #NAME? | CO20: #NAME? | CP20: #NAME? | CQ20: #NAME? | CR20: #NAME? | CS20: #NAME? | CT20: #NAME? | CU20: #NAME? | CV20: #NAME? | CW20: #NAME? | CX20: #NAME? | CY20: #NAME? | CZ20: #NAME? | DA20: #NAME? | DB20: #NAME?
... G23: {=_xludf.IFNA(TRANSPOSE(OFFSET($B$3,1,MATCH('Inventory List'!$C26,$B$3:$E$3,0)-1,100,1)),"")} -> #NAME? | H23: #NAME? | I23: #NAME? | J23: #NAME? | K23: #NAME? | L23: #NAME? | M23: #NAME? | N23: #NAME? | O23: #NAME? | P23: #NAME? | Q23: #NAME? | R23: #NAME? | S23: #NAME? | T23: #NAME? | U23: #NAME? | V23: #NAME? | W23: #NAME? | X23: #NAME? | Y23: #NAME? | Z23: #NAME? | AA23: #NAME? | AB23: #NAME? | AC23: #NAME? | AD23: #NAME? | AE23: #NAME? | AF23: #NAME? | AG23: #NAME? | AH23: #NAME? | AI23: #NAME? | AJ23: #NAME? | AK23: #NAME? | AL23: #NAME? | AM23: #NAME? | AN23: #NAME? | AO23: #NAME? | AP23: #NAME? | AQ23: #NAME? | AR23: #NAME? | AS23: #NAME? | AT23: #NAME? | AU23: #NAME? | AV23: #NAME? | AW23: #NAME? | AX23: #NAME? | AY23: #NAME? | AZ23: #NAME? | BA23: #NAME? | BB23: #NAME? | BC23: #NAME? | BD23: #NAME? | BE23: #NAME? | BF23: #NAME? | BG23: #NAME? | BH23: #NAME? | BI23: #NAME? | BJ23: #NAME? | BK23: #NAME? | BL23: #NAME? | BM23: #NAME? | BN23: #NAME? | BO23: #NAME? | BP23: #NAME? | BQ23: #NAME? | BR23: #NAME? | BS23: #NAME? | BT23: #NAME? | BU23: #NAME? | BV23: #NAME? | BW23: #NAME? | BX23: #NAME? | BY23: #NAME? | BZ23: #NAME? | CA23: #NAME? | CB23: #NAME? | CC23: #NAME? | CD23: #NAME? | CE23: #NAME? | CF23: #NAME? | CG23: #NAME? | CH23: #NAME? | CI23: #NAME? | CJ23: #NAME? | CK23: #NAME? | CL23: #NAME? | CM23: #NAME? | CN23: #NAME? | CO23: #NAME? | CP23: #NAME? | CQ23: #NAME? | CR23: #NAME? | CS23: #NAME? | CT23: #NAME? | CU23: #NAME? | CV23: #NAME? | CW23: #NAME? | CX23: #NAME? | CY23: #NAME? | CZ23: #NAME? | DA23: #NAME? | DB23: #NAME?
G24: {=_xludf.IFNA(TRANSPOSE(OFFSET($B$3,1,MATCH('Inventory List'!$C27,$B$3:$E$3,0)-1,100,1)),"")} -> #NAME?
G25: {=_xludf.IFNA(TRANSPOSE(OFFSET($B$3,1,MATCH('Inventory List'!$C28,$B$3:$E$3,0)-1,100,1)),"")} -> #NAME?
G26: {=_xludf.IFNA(TRANSPOSE(OFFSET($B$3,1,MATCH('Inventory List'!$C29,$B$3:$E$3,0)-1,100,1)),"")} -> #NAME?
G27: {=_xludf.IFNA(TRANSPOSE(OFFSET($B$3,1,MATCH('Inventory List'!$C30,$B$3:$E$3,0)-1,100,1)),"")} -> #NAME?
G28: {=_xludf.IFNA(TRANSPOSE(OFFSET($B$3,1,MATCH('Inventory List'!$C31,$B$3:$E$3,0)-1,100,1)),"")} -> #NAME?
G29: {=_xludf.IFNA(TRANSPOSE(OFFSET($B$3,1,MATCH('Inventory List'!$C32,$B$3:$E$3,0)-1,100,1)),"")} -> #NAME?
G30: {=_xludf.IFNA(TRANSPOSE(OFFSET($B$3,1,MATCH('Inventory List'!$C33,$B$3:$E$3,0)-1,100,1)),"")} -> #NAME?
G31: {=_xludf.IFNA(TRANSPOSE(OFFSET($B$3,1,MATCH('Inventory List'!$C34,$B$3:$E$3,0)-1,100,1)),"")} -> #NAME?
G32: {=_xludf.IFNA(TRANSPOSE(OFFSET($B$3,1,MATCH('Inventory List'!$C35,$B$3:$E$3,0)-1,100,1)),"")} -> #NAME?
G33: {=_xludf.IFNA(TRANSPOSE(OFFSET($B$3,1,MATCH('Inventory List'!$C36,$B$3:$E$3,0)-1,100,1)),"")} -> #NAME?
G34: {=_xludf.IFNA(TRANSPOSE(OFFSET($B$3,1,MATCH('Inventory List'!$C37,$B$3:$E$3,0)-1,100,1)),"")} -> #NAME?
G35: {=_xludf.IFNA(TRANSPOSE(OFFSET($B$3,1,MATCH('Inventory List'!$C38,$B$3:$E$3,0)-1,100,1)),"")} -> #NAME?
... G104: {=_xludf.IFNA(TRANSPOSE(OFFSET($B$3,1,MATCH('Inventory List'!$C107,$B$3:$E$3,0)-1,100,1)),"")} -> #NAME?

Sheet HELPER
A2: Jan | C2: 2023 | F2: =IFERROR(__xludf.DUMMYFUNCTION("UNIQUE(Overview!K19:K119)"),"Vegetables") -> Vegetables | G2: =SUMIF(Overview!$K$19:$K$119,F2,Overview!$Q$19:$Q$119) -> 497.5 | I2: =IFERROR(__xludf.DUMMYFUNCTION("UNIQUE(Overview!O19:O119)"),"Farm Fresh Co.") -> Farm Fresh Co. | J2: =IF(I2="","", SUMIF(Overview!$O$19:$O$119,I2,Overview!$M$19:$M$119)) -> 150 | K2: =IF(I2="","", SUMIF(Overview!$O$19:$O$119,I2,Overview!$N$19:$N$119)) -> 50 | L2: =IF(I2="","", J2+K2) -> 200 | M2: =IF(I2="","", SUMIF(Overview!$O$19:$O$119,I2,Overview!$Q$19:$Q$119)) -> 225 | O2: {=IFERROR(INDEX($I$2:$I$7, MATCH(LARGE($M$2:$M$7, 1), $M$2:$M$7, 0)),"")} -> Butcher's Choice | P2: =IFERROR(_xlfn.SINGLE(_xlfn.XLOOKUP($O2,$I$2:$I$7,$L$2:$L$7)),"") | Q2: =IFERROR(_xlfn.SINGLE(_xlfn.XLOOKUP($O2,$I$2:$I$7,$M$2:$M$7)),"") | S2: =IFERROR(__xludf.DUMMYFUNCTION("SORT(FILTER(Overview!L19:L120,Overview!M19:M120 <= 10), 1, TRUE)"),"Chicken Breast") -> Chicken Breast | T2: =IFERROR(_xlfn.XLOOKUP($S2,Overview!$L$19:$L$120,Overview!$M$19:$M$120),"")
A3: Feb | C3: 2024 | F3: =IFERROR(__xludf.DUMMYFUNCTION("""COMPUTED_VALUE"""),"Meat") -> Meat | G3: =SUMIF(Overview!$K$19:$K$119,F3,Overview!$Q$19:$Q$119) -> 867.5 | I3: =IFERROR(__xludf.DUMMYFUNCTION("""COMPUTED_VALUE"""),"Butcher's Choice") -> Butcher's Choice | J3: =IF(I3="","", SUMIF(Overview!$O$19:$O$119,I3,Overview!$M$19:$M$119)) -> 3 | K3: =IF(I3="","", SUMIF(Overview!$O$19:$O$119,I3,Overview!$N$19:$N$119)) -> 20 | L3: =IF(I3="","", J3+K3) -> 23 | M3: =IF(I3="","", SUMIF(Overview!$O$19:$O$119,I3,Overview!$Q$19:$Q$119)) -> 240 | O3: {=IFERROR(INDEX($I$2:$I$7, MATCH(LARGE($M$2:$M$7, 2), $M$2:$M$7, 0)),"")} -> Farm Fresh Co. | P3: =IFERROR(_xlfn.SINGLE(_xlfn.XLOOKUP($O3,$I$2:$I$7,$L$2:$L$7)),"") | Q3: =IFERROR(_xlfn.SINGLE(_xlfn.XLOOKUP($O3,$I$2:$I$7,$M$2:$M$7)),"") | S3: =IFERROR(__xludf.DUMMYFUNCTION("""COMPUTED_VALUE"""),"Chicken Breast") -> Chicken Breast | T3: =IFERROR(_xlfn.XLOOKUP($S3,Overview!$L$19:$L$120,Overview!$M$19:$M$120),"")
A4: Mar | C4: 2025 | F4: =IFERROR(__xludf.DUMMYFUNCTION("""COMPUTED_VALUE"""),"Condiments") -> Condiments | G4: =SUMIF(Overview!$K$19:$K$119,F4,Overview!$Q$19:$Q$119) -> 562 | I4: =IFERROR(__xludf.DUMMYFUNCTION("""COMPUTED_VALUE"""),"Ocean Harvest") -> Ocean Harvest | J4: =IF(I4="","", SUMIF(Overview!$O$19:$O$119,I4,Overview!$M$19:$M$119)) -> 30 | K4: =IF(I4="","", SUMIF(Overview!$O$19:$O$119,I4,Overview!$N$19:$N$119)) -> 15 | L4: =IF(I4="","", J4+K4) -> 45 | M4: =IF(I4="","", SUMIF(Overview!$O$19:$O$119,I4,Overview!$Q$19:$Q$119)) -> 165 | O4: {=IFERROR(INDEX($I$2:$I$7, MATCH(LARGE($M$2:$M$7, 3), $M$2:$M$7, 0)),"")} -> Ocean Harvest | P4: =IFERROR(_xlfn.SINGLE(_xlfn.XLOOKUP($O4,$I$2:$I$7,$L$2:$L$7)),"") | Q4: =IFERROR(_xlfn.SINGLE(_xlfn.XLOOKUP($O4,$I$2:$I$7,$M$2:$M$7)),"") | S4: =IFERROR(__xludf.DUMMYFUNCTION("""COMPUTED_VALUE"""),"Shrimp") -> Shrimp | T4: =IFERROR(_xlfn.XLOOKUP($S4,Overview!$L$19:$L$120,Overview!$M$19:$M$120),"")
A5: Apr | C5: 2026 | F5: =IFERROR(__xludf.DUMMYFUNCTION("""COMPUTED_VALUE"""),"Dairy") -> Dairy | G5: =SUMIF(Overview!$K$19:$K$119,F5,Overview!$Q$19:$Q$119) -> 397.5 | I5: =IFERROR(__xludf.DUMMYFUNCTION("""COMPUTED_VALUE"""),"Golden Grains") -> Golden Grains | J5: =IF(I5="","", SUMIF(Overview!$O$19:$O$119,I5,Overview!$M$19:$M$119)) -> 100 | K5: =IF(I5="","", SUMIF(Overview!$O$19:$O$119,I5,Overview!$N$19:$N$119)) -> 30 | L5: =IF(I5="","", J5+K5) -> 130 | M5: =IF(I5="","", SUMIF(Overview!$O$19:$O$119,I5,Overview!$Q$19:$Q$119)) -> 120 | O5: {=IFERROR(INDEX($I$2:$I$7, MATCH(LARGE($M$2:$M$7, 4), $M$2:$M$7, 0)),"")} -> Mediterranean Co. | P5: =IFERROR(_xlfn.SINGLE(_xlfn.XLOOKUP($O5,$I$2:$I$7,$L$2:$L$7)),"") | Q5: =IFERROR(_xlfn.SINGLE(_xlfn.XLOOKUP($O5,$I$2:$I$7,$M$2:$M$7)),"") | T5: {=IFERROR(XLOOKUP($S5,Overview!$L$19:$L$120,Overview!$M$19:$M$120),"")}
A6: May | C6: 2027 | I6: =IFERROR(__xludf.DUMMYFUNCTION("""COMPUTED_VALUE"""),"Mediterranean Co.") -> Mediterranean Co. | J6: =IF(I6="","", SUMIF(Overview!$O$19:$O$119,I6,Overview!$M$19:$M$119)) -> 5 | K6: =IF(I6="","", SUMIF(Overview!$O$19:$O$119,I6,Overview!$N$19:$N$119)) -> 10 | L6: =IF(I6="","", J6+K6) -> 15 | M6: =IF(I6="","", SUMIF(Overview!$O$19:$O$119,I6,Overview!$Q$19:$Q$119)) -> 160 | O6: {=IFERROR(INDEX($I$2:$I$7, MATCH(LARGE($M$2:$M$7, 5), $M$2:$M$7, 0)),"")} -> Golden Grains | P6: =IFERROR(_xlfn.SINGLE(_xlfn.XLOOKUP($O6,$I$2:$I$7,$L$2:$L$7)),"") | Q6: =IFERROR(_xlfn.SINGLE(_xlfn.XLOOKUP($O6,$I$2:$I$7,$M$2:$M$7)),"") | T6: {=IFERROR(XLOOKUP($S6,Overview!$L$19:$L$120,Overview!$M$19:$M$120),"")}
A7: Jun | C7: 2028 | I7: =IFERROR(__xludf.DUMMYFUNCTION("""COMPUTED_VALUE"""),"Orchard Organics") -> Orchard Organics
A8: Jul | C8: 2029 | I8: =IFERROR(__xludf.DUMMYFUNCTION("""COMPUTED_VALUE"""),"Baker's Supply") -> Baker's Supply | J8: =IF(I8="","", SUMIF(Overview!$O$19:$O$119,I8,Overview!$M$19:$M$119)) -> 60 | K8: =IF(I8="","", SUMIF(Overview!$O$19:$O$119,I8,Overview!$N$19:$N$119)) -> 25 | L8: =IF(I8="","", J8+K8) -> 85 | M8: =IF(I8="","", SUMIF(Overview!$O$19:$O$119,I8,Overview!$Q$19:$Q$119)) -> 108 | O8: {=IFERROR(INDEX($I$2:$I$7, MATCH(LARGE($M$2:$M$7, 6), $M$2:$M$7, 0)),"")} | U8: category | V8: stock | W8: category | X8: VALUE
A9: Aug | C9: 2030 | I9: =IFERROR(__xludf.DUMMYFUNCTION("""COMPUTED_VALUE"""),"Local Farms") -> Local Farms | J9: =IF(I9="","", SUMIF(Overview!$O$19:$O$119,I9,Overview!$M$19:$M$119)) -> 120 | K9: =IF(I9="","", SUMIF(Overview!$O$19:$O$119,I9,Overview!$N$19:$N$119)) -> 40 | L9: =IF(I9="","", J9+K9) -> 160 | M9: =IF(I9="","", SUMIF(Overview!$O$19:$O$119,I9,Overview!$Q$19:$Q$119)) -> 30 | U9: =Setup!B3 -> Vegetables | V9: =SUMIF(Overview!$K$19:$K$119, U9,Overview!$M$19:$M$119) -> 465 | W9: Vegetables | X9: =SUMIF(Overview!$K$19:$K$119, U9,Overview!$Q$19:$Q$119) -> 497.5
A10: Sep | C10: 2031 | I10: =IFERROR(__xludf.DUMMYFUNCTION("""COMPUTED_VALUE"""),"Can-O-Taste Inc.") -> Can-O-Taste Inc. | J10: =IF(I10="","", SUMIF(Overview!$O$19:$O$119,I10,Overview!$M$19:$M$119)) -> 100 | K10: =IF(I10="","", SUMIF(Overview!$O$19:$O$119,I10,Overview!$N$19:$N$119)) -> 30 | L10: =IF(I10="","", J10+K10) -> 130 | M10: =IF(I10="","", SUMIF(Overview!$O$19:$O$119,I10,Overview!$Q$19:$Q$119)) -> 208 | U10: =Setup!C3 -> Meat | V10: =SUMIF(Overview!$K$19:$K$119, U10,Overview!$M$19:$M$119) -> 95 | W10: Meat | X10: =SUMIF(Overview!$K$19:$K$119, U10,Overview!$Q$19:$Q$119) -> 867.5
A11: Oct | C11: 2032 | I11: =IFERROR(__xludf.DUMMYFUNCTION("""COMPUTED_VALUE"""),"RefreshCo") -> RefreshCo | J11: =IF(I11="","", SUMIF(Overview!$O$19:$O$119,I11,Overview!$M$19:$M$119)) -> 80 | K11: =IF(I11="","", SUMIF(Overview!$O$19:$O$119,I11,Overview!$N$19:$N$119)) -> 20 | L11: =IF(I11="","", J11+K11) -> 100 | M11: =IF(I11="","", SUMIF(Overview!$O$19:$O$119,I11,Overview!$Q$19:$Q$119)) -> 80 | U11: =Setup!D3 -> Dairy | V11: =SUMIF(Overview!$K$19:$K$119, U11,Overview!$M$19:$M$119) -> 180 | W11: Dairy | X11: =SUMIF(Overview!$K$19:$K$119, U11,Overview!$Q$19:$Q$119) -> 397.5
A12: Nov | C12: 2033 | I12: =IFERROR(__xludf.DUMMYFUNCTION("""COMPUTED_VALUE"""),"Artisan Bakes") -> Artisan Bakes | J12: =IF(I12="","", SUMIF(Overview!$O$19:$O$119,I12,Overview!$M$19:$M$119)) -> 30 | K12: =IF(I12="","", SUMIF(Overview!$O$19:$O$119,I12,Overview!$N$19:$N$119)) -> 10 | L12: =IF(I12="","", J12+K12) -> 40 | M12: =IF(I12="","", SUMIF(Overview!$O$19:$O$119,I12,Overview!$Q$19:$Q$119)) -> 66 | U12: =Setup!E3 -> Condiments | V12: =SUMIF(Overview!$K$19:$K$119, U12,Overview!$M$19:$M$119) -> 230 | W12: Condiments | X12: =SUMIF(Overview!$K$19:$K$119, U12,Overview!$Q$19:$Q$119) -> 562
A13: Dec | C13: 2034 | I13: =IFERROR(__xludf.DUMMYFUNCTION("""COMPUTED_VALUE"""),"Creamy Delights") -> Creamy Delights | J13: =IF(I13="","", SUMIF(Overview!$O$19:$O$119,I13,Overview!$M$19:$M$119)) -> 25 | K13: =IF(I13="","", SUMIF(Overview!$O$19:$O$119,I13,Overview!$N$19:$N$119)) -> 10 | L13: =IF(I13="","", J13+K13) -> 35 | M13: =IF(I13="","", SUMIF(Overview!$O$19:$O$119,I13,Overview!$Q$19:$Q$119)) -> 87.5
C14: 2035 | I14: =IFERROR(__xludf.DUMMYFUNCTION("""COMPUTED_VALUE"""),"Seafood Express") -> Seafood Express | J14: =IF(I14="","", SUMIF(Overview!$O$19:$O$119,I14,Overview!$M$19:$M$119)) -> 40 | K14: =IF(I14="","", SUMIF(Overview!$O$19:$O$119,I14,Overview!$N$19:$N$119)) -> 15 | L14: =IF(I14="","", J14+K14) -> 55 | M14: =IF(I14="","", SUMIF(Overview!$O$19:$O$119,I14,Overview!$Q$19:$Q$119)) -> 280
C15: 2036 | I15: =IFERROR(__xludf.DUMMYFUNCTION("""COMPUTED_VALUE"""),"Grain Harvest") -> Grain Harvest | J15: =IF(I15="","", SUMIF(Overview!$O$19:$O$119,I15,Overview!$M$19:$M$119)) -> 15 | K15: =IF(I15="","", SUMIF(Overview!$O$19:$O$119,I15,Overview!$N$19:$N$119)) -> 5 | L15: =IF(I15="","", J15+K15) -> 20 | M15: =IF(I15="","", SUMIF(Overview!$O$19:$O$119,I15,Overview!$Q$19:$Q$119)) -> 60
C16: 2037 | I16: =IFERROR(__xludf.DUMMYFUNCTION("""COMPUTED_VALUE"""),"Asian Flavors") -> Asian Flavors | J16: =IF(I16="","", SUMIF(Overview!$O$19:$O$119,I16,Overview!$M$19:$M$119)) -> 50 | K16: =IF(I16="","", SUMIF(Overview!$O$19:$O$119,I16,Overview!$N$19:$N$119)) -> 15 | L16: =IF(I16="","", J16+K16) -> 65 | M16: =IF(I16="","", SUMIF(Overview!$O$19:$O$119,I16,Overview!$Q$19:$Q$119)) -> 115
C17: 2038 | I17: =IFERROR(__xludf.DUMMYFUNCTION("""COMPUTED_VALUE"""),"Tropical Farms") -> Tropical Farms | J17: =IF(I17="","", SUMIF(Overview!$O$19:$O$119,I17,Overview!$M$19:$M$119)) -> 70 | K17: =IF(I17="","", SUMIF(Overview!$O$19:$O$119,I17,Overview!$N$19:$N$119)) -> 25 | L17: =IF(I17="","", J17+K17) -> 95 | M17: =IF(I17="","", SUMIF(Overview!$O$19:$O$119,I17,Overview!$Q$19:$Q$119)) -> 35
C18: 2039 | I18: =IFERROR(__xludf.DUMMYFUNCTION("""COMPUTED_VALUE"""),"Sweet Delights") -> Sweet Delights | J18: =IF(I18="","", SUMIF(Overview!$O$19:$O$119,I18,Overview!$M$19:$M$119)) -> 7 | K18: =IF(I18="","", SUMIF(Overview!$O$19:$O$119,I18,Overview!$N$19:$N$119)) -> 10 | L18: =IF(I18="","", J18+K18) -> 17 | M18: =IF(I18="","", SUMIF(Overview!$O$19:$O$119,I18,Overview!$Q$19:$Q$119)) -> 87.5
C19: 2040 | I19: =IFERROR(__xludf.DUMMYFUNCTION("""COMPUTED_VALUE"""),"Poultry Haven") -> Poultry Haven | J19: =IF(I19="","", SUMIF(Overview!$O$19:$O$119,I19,Overview!$M$19:$M$119)) -> 35 | K19: =IF(I19="","", SUMIF(Overview!$O$19:$O$119,I19,Overview!$N$19:$N$119)) -> 10 | L19: =IF(I19="","", J19+K19) -> 45 | M19: =IF(I19="","", SUMIF(Overview!$O$19:$O$119,I19,Overview!$Q$19:$Q$119)) -> 157.5
J20: =IF(I20="","", SUMIF(Overview!$O$19:$O$119,I20,Overview!$M$19:$M$119)) | K20: =IF(I20="","", SUMIF(Overview!$O$19:$O$119,I20,Overview!$N$19:$N$119)) | L20: =IF(I20="","", J20+K20) | M20: =IF(I20="","", SUMIF(Overview!$O$19:$O$119,I20,Overview!$Q$19:$Q$119))
J21: =IF(I21="","", SUMIF(Overview!$O$19:$O$119,I21,Overview!$M$19:$M$119)) | K21: =IF(I21="","", SUMIF(Overview!$O$19:$O$119,I21,Overview!$N$19:$N$119)) | L21: =IF(I21="","", J21+K21) | M21: =IF(I21="","", SUMIF(Overview!$O$19:$O$119,I21,Overview!$Q$19:$Q$119))
J22: =IF(I22="","", SUMIF(Overview!$O$19:$O$119,I22,Overview!$M$19:$M$119)) | K22: =IF(I22="","", SUMIF(Overview!$O$19:$O$119,I22,Overview!$N$19:$N$119)) | L22: =IF(I22="","", J22+K22) | M22: =IF(I22="","", SUMIF(Overview!$O$19:$O$119,I22,Overview!$Q$19:$Q$119))
J23: =IF(I23="","", SUMIF(Overview!$O$19:$O$119,I23,Overview!$M$19:$M$119)) | K23: =IF(I23="","", SUMIF(Overview!$O$19:$O$119,I23,Overview!$N$19:$N$119)) | L23: =IF(I23="","", J23+K23) | M23: =IF(I23="","", SUMIF(Overview!$O$19:$O$119,I23,Overview!$Q$19:$Q$119))
J24: =IF(I24="","", SUMIF(Overview!$O$19:$O$119,I24,Overview!$M$19:$M$119)) | K24: =IF(I24="","", SUMIF(Overview!$O$19:$O$119,I24,Overview!$N$19:$N$119)) | L24: =IF(I24="","", J24+K24) | M24: =IF(I24="","", SUMIF(Overview!$O$19:$O$119,I24,Overview!$Q$19:$Q$119))
J25: =IF(I25="","", SUMIF(Overview!$O$19:$O$119,I25,Overview!$M$19:$M$119)) | K25: =IF(I25="","", SUMIF(Overview!$O$19:$O$119,I25,Overview!$N$19:$N$119)) | L25: =IF(I25="","", J25+K25) | M25: =IF(I25="","", SUMIF(Overview!$O$19:$O$119,I25,Overview!$Q$19:$Q$119))
J26: =IF(I26="","", SUMIF(Overview!$O$19:$O$119,I26,Overview!$M$19:$M$119)) | K26: =IF(I26="","", SUMIF(Overview!$O$19:$O$119,I26,Overview!$N$19:$N$119)) | L26: =IF(I26="","", J26+K26) | M26: =IF(I26="","", SUMIF(Overview!$O$19:$O$119,I26,Overview!$Q$19:$Q$119))
J27: =IF(I27="","", SUMIF(Overview!$O$19:$O$119,I27,Overview!$M$19:$M$119)) | K27: =IF(I27="","", SUMIF(Overview!$O$19:$O$119,I27,Overview!$N$19:$N$119)) | L27: =IF(I27="","", J27+K27) | M27: =IF(I27="","", SUMIF(Overview!$O$19:$O$119,I27,Overview!$Q$19:$Q$119))
J28: =IF(I28="","", SUMIF(Overview!$O$19:$O$119,I28,Overview!$M$19:$M$119)) | K28: =IF(I28="","", SUMIF(Overview!$O$19:$O$119,I28,Overview!$N$19:$N$119)) | L28: =IF(I28="","", J28+K28) | M28: =IF(I28="","", SUMIF(Overview!$O$19:$O$119,I28,Overview!$Q$19:$Q$119))
J29: =IF(I29="","", SUMIF(Overview!$O$19:$O$119,I29,Overview!$M$19:$M$119)) | K29: =IF(I29="","", SUMIF(Overview!$O$19:$O$119,I29,Overview!$N$19:$N$119)) | L29: =IF(I29="","", J29+K29) | M29: =IF(I29="","", SUMIF(Overview!$O$19:$O$119,I29,Overview!$Q$19:$Q$119))
J30: =IF(I30="","", SUMIF(Overview!$O$19:$O$119,I30,Overview!$M$19:$M$119)) | K30: =IF(I30="","", SUMIF(Overview!$O$19:$O$119,I30,Overview!$N$19:$N$119)) | L30: =IF(I30="","", J30+K30) | M30: =IF(I30="","", SUMIF(Overview!$O$19:$O$119,I30,Overview!$Q$19:$Q$119))
J31: =IF(I31="","", SUMIF(Overview!$O$19:$O$119,I31,Overview!$M$19:$M$119)) | K31: =IF(I31="","", SUMIF(Overview!$O$19:$O$119,I31,Overview!$N$19:$N$119)) | L31: =IF(I31="","", J31+K31) | M31: =IF(I31="","", SUMIF(Overview!$O$19:$O$119,I31,Overview!$Q$19:$Q$119))
... J102: =IF(I102="","", SUMIF(Overview!$O$19:$O$119,I102,Overview!$M$19:$M$119)) | K102: =IF(I102="","", SUMIF(Overview!$O$19:$O$119,I102,Overview!$N$19:$N$119)) | L102: =IF(I102="","", J102+K102) | M102: =IF(I102="","", SUMIF(Overview!$O$19:$O$119,I102,Overview!$Q$19:$Q$119))
