Workbook

Sheet Dashboard
C3: Chicago, IL 60631 | info@construct.com | Construction.com | 222 555 7777
C6: Projected Project Profitability by Phase/Activity Template Dashboard
C7: ='Projected Project Profitability'!C21 -> Pre-construction | D7: ='Projected Project Profitability'!I21 -> 350000
C8: ='Projected Project Profitability'!C22 -> Foundation | D8: ='Projected Project Profitability'!I22 -> 500000
C9: ='Projected Project Profitability'!C23 -> Structural Framing | D9: ='Projected Project Profitability'!I23 -> 600000
C10: ='Projected Project Profitability'!C24 -> Exterior Finishes | D10: ='Projected Project Profitability'!I24 -> 450000
C11: ='Projected Project Profitability'!C25 -> Interior Finishes | D11: ='Projected Project Profitability'!I25 -> 700000
C12: ='Projected Project Profitability'!C26 -> Mecahnical Systems | D12: ='Projected Project Profitability'!I26 -> 550000
C13: ='Projected Project Profitability'!C27 -> Electrical Systems | D13: ='Projected Project Profitability'!I27 -> 450000
C14: ='Projected Project Profitability'!C28 -> Site Work and Landscaping | D14: ='Projected Project Profitability'!I28 -> 300000
C15: ='Projected Project Profitability'!C29 -> Utilities Installation | D15: ='Projected Project Profitability'!I29 -> 250000
C16: ='Projected Project Profitability'!C30 -> Project Management | D16: ='Projected Project Profitability'!I30 -> 600000
C18: ='Projected Project Profitability'!C31 -> 0 | I18: YEAR
C20: ='Projected Project Profitability'!C32 -> 0
C21: ='Projected Project Profitability'!C33 -> 0 | I21: ='Projected Project Profitability'!D17 -> 44927
C22: ='Projected Project Profitability'!C34 -> 0 | I22: ='Projected Project Profitability'!D18 -> 750000
C23: ='Projected Project Profitability'!C35 -> 0
I24: ='Projected Project Profitability'!E20 -> 45292
I25: ='Projected Project Profitability'!E18 -> 850000
I27: ='Projected Project Profitability'!F20 -> 45658
I28: ='Projected Project Profitability'!F18 -> 950000
I30: ='Projected Project Profitability'!G20 -> 46023
I31: ='Projected Project Profitability'!G18 -> 1050000
I33: ='Projected Project Profitability'!H20 -> 46388
I34: ='Projected Project Profitability'!H18 -> 1150000

Sheet Projected Project Profitability
C9: Chicago, IL 60631 | info@construct.com | Construction.com | 222 555 7777
C12: Projected Project Profitability by Phase/Activity Template
C14: Prepared by : | G14: Date :
C17: YEAR | D17: =D20 -> 44927 | E17: =E20 -> 45292 | F17: =F20 -> 45658 | G17: =G20 -> 46023 | H17: =H20 -> 46388 | I17: TOTAL
C18: SUB TOTAL | D18: =SUM(D21:D110) -> 750000 | E18: =SUM(E21:E110) -> 850000 | F18: =SUM(F21:F110) -> 950000 | G18: =SUM(G21:G110) -> 1050000 | H18: =SUM(H21:H110) -> 1150000 | I18: =SUM(D18:H18) -> 4750000
C20: Phase/Activity | D20: 44927 | E20: 45292 | F20: 45658 | G20: 46023 | H20: 46388 | I20: Total
C21: Pre-construction | D21: 50000 | E21: 60000 | F21: 70000 | G21: 80000 | H21: 90000 | I21: 350000
C22: Foundation | D22: 80000 | E22: 90000 | F22: 100000 | G22: 110000 | H22: 120000 | I22: 500000
C23: Structural Framing | D23: 100000 | E23: 110000 | F23: 120000 | G23: 130000 | H23: 140000 | I23: 600000
C24: Exterior Finishes | D24: 70000 | E24: 80000 | F24: 90000 | G24: 100000 | H24: 110000 | I24: 450000
C25: Interior Finishes | D25: 120000 | E25: 130000 | F25: 140000 | G25: 150000 | H25: 160000 | I25: 700000
C26: Mecahnical Systems | D26: 90000 | E26: 100000 | F26: 110000 | G26: 120000 | H26: 130000 | I26: 550000
C27: Electrical Systems | D27: 70000 | E27: 80000 | F27: 90000 | G27: 100000 | H27: 110000 | I27: 450000
C28: Site Work and Landscaping | D28: 40000 | E28: 50000 | F28: 60000 | G28: 70000 | H28: 80000 | I28: 300000
C29: Utilities Installation | D29: 30000 | E29: 40000 | F29: 50000 | G29: 60000 | H29: 70000 | I29: 250000
C30: Project Management | D30: 100000 | E30: 110000 | F30: 120000 | G30: 130000 | H30: 140000 | I30: 600000

Sheet Chart Support
A1: #REF! | B1: ='[1]Activity Template'!B8 -> #REF! | E1: CURRENT | F1: FORECASTED
A2: #REF! | B2: MATERIALS | D2: LABOR | E2: #REF! | F2: #REF! | H2: Construction Workers | I2: #REF! | J2: #REF!
A3: #REF! | B3: EQUIPMENT | D3: MATERIALS | E3: #REF! | F3: #REF! | H3: Skilled Tradespeople | I3: #REF! | J3: #REF!
A4: #REF! | B4: SUBCONTRACTORS | D4: EQUIPMENT | E4: #REF! | F4: #REF!
A5: #REF! | B5: PERMITS AND LICENSES | D5: SUBCONTRACTORS | E5: #REF! | F5: #REF!
A6: #REF! | B6: DESIGN AND ENGINEERING | D6: PERMITS AND LICENSES | E6: #REF! | F6: #REF! | H6: Concrete | I6: #REF! | J6: #REF!
A7: #REF! | B7: OTHER COSTS | D7: DESIGN AND ENGINEERING | E7: #REF! | F7: #REF! | H7: Steel | I7: #REF! | J7: #REF!
A8: #REF! | B8: CONTINGENCY | D8: OTHER COSTS | E8: #REF! | F8: #REF! | H8: Wood | I8: #REF! | J8: #REF!
D9: CONTINGENCY | E9: #REF! | F9: #REF!
H11: Excavators | I11: #REF! | J11: #REF!
H12: Cranes | I12: #REF! | J12: #REF!
H13: Power Tools | I13: #REF! | J13: #REF!

Sheet Instructions
A1: https://docs.google.com/spreadsheets/d/1fJtCMvXoigfc9dWaKu-HKbVSBFIkUt4-pysPxmCw8Sg/edit#gid=2113230748
B23: The following are instructions on how to use the template.
B25: 1. Edit or add content like inserting rows and columns to the template.
B26: 2. There are no locked-up cells for easier editing of cell names.
B27: 3. Feel free to change any formula available.
B29: Should you need assistance, please contact our Customer Support Team using the chat box found on the website.
